student_id,accuracy_percentage,attempt_percentage,strongest_concepts,weakest_concepts,dominant_mistake_pattern,llm_summary
30193,26.67,0,Linear Equations,Roots of equation; Polynomials; Quadratic Equations; Discriminant; Ratio and Proportion; Algebraic manipulation; Completing the Square,"The student shows a recurring tendency to make errors in algebraic manipulation and equation solving across various question types, often leading to incorrect final answers.","The student struggles primarily with hard-difficulty algebra problems, exhibiting errors in equation solving, polynomial manipulation, and root-finding techniques. The student shows consistent accuracy on easier questions involving linear equations and relationships."
261900,40.0,0,Linear Equations,Roots of equation; Ratio and Proportion; Polynomials; System of Equations; Quadratic Equations and Roots; Factor Theorem and Polynomials,"The student makes frequent errors when setting up equations from word problems. Also, they display recurring calculation errors when manipulating algebraic expressions and solving equations.","The student consistently answers easy-difficulty questions correctly. The student struggles with both conceptual application and calculations in medium- and hard-difficulty questions, particularly in algebra-related topics."
265100,50.0,0,Linear Equations,Roots of equation; Polynomials; Quadratic Equations,The student tends to make errors when setting up or solving systems of linear equations and polynomial equations. Incorrect sign usage appears in some root-finding problems.,"The student demonstrates strength in basic algebraic manipulations and solving equations, but struggles with more complex problems involving roots of polynomials and forming correct equations from word problems. Easy-difficulty questions are answered correctly more often than hard ones."
268600,53.33,0,Polynomials; Roots of equation; Linear Equations; Ratio and Proportion,,The student makes errors on Hard and Medium questions; the nature of these mistakes is not clear from the data.,"The student demonstrates proficiency in several areas of algebra, including polynomial manipulation, solving equations, and ratio/proportion problems. However, the student struggles with multiple Hard and Medium questions, and the reason for these errors cannot be determined from the provided solutions."
269200,56.67,0,Linear Equations; Roots of equation; Polynomials; Ratio and Proportion,Polynomial Remainder Theorem; Polynomial Division; Algebraic manipulation; Quadratic Equations,"The dominant error pattern involves mistakes in calculations while solving problems related to equations or algebraic manipulation, specifically with negative signs and coefficients.","The student demonstrates a reasonable understanding of linear equations and relationships between roots and polynomials. However, errors arise when applying polynomial division, completing the square or factoring, and performing the final calculations to arrive at an answer."
271200,60.0,0,Linear Equations; Roots of equation,Factor Theorem and Polynomials; Polynomials; Completing the Square,The dominant error pattern involves incorrect calculations when solving systems of equations or simplifying algebraic expressions derived from problem statements. Formula misapplication is also visible.,"The student demonstrates proficiency in basic algebraic manipulations and equation solving, particularly in easy and medium-difficulty problems. The student struggles with more complex algebraic problems and root-finding with polynomials, often making errors in calculation or misapplying formulas."
271800,53.33,0,Linear Equations; Ratio and Proportion,Roots of equation; Discriminant; Polynomials; Work and Time,"The student exhibits a pattern of errors related to algebraic manipulation within multi-step problems, particularly in setting up and solving equations involving polynomials and roots.","The student demonstrates proficiency with straightforward linear equation problems and word problems requiring systems of equations. However, the student struggles with more complex questions, often making calculation mistakes or exhibiting incomplete conceptual understanding, particularly within questions involving roots of equations and polynomial manipulations."
272500,36.67,0,Linear Equations; Ratio and Proportion,Roots of equation; Polynomials; Quadratic Equations; Systems of Linear Equations - Infinite Solutions; Work and Time; Completing the Square; Algebraic manipulation; Discriminant; Polynomial Division,"The dominant mistake pattern is not attempting hard questions. When the student does attempt a difficult question, it often reveals a conceptual error.","The student can correctly solve medium and easy problems that involve setting up and solving linear equations and ratios, but struggles significantly with harder questions, particularly those involving polynomials, quadratic equations, and more abstract algebraic manipulations. The student avoids many of the hardest questions."
273000,56.67,0,Linear Equations; Roots of equation,Completing the Square; Roots of Polynomials; Polynomial Division; Work and Time,"The dominant error pattern appears to be conceptual errors, often related to polynomial manipulations and word problem setup. There are instances of calculation errors as well, but conceptual errors are more prevalent.","The student demonstrates proficiency in solving linear equations and applying concepts of roots. However, the student struggles with more complex polynomial manipulations, especially when those concepts are embedded in word problems, and has gaps in knowledge regarding concepts like work/time."
280400,43.33,0,Linear Equations; Quadratic Equations; Ratio and Proportion; Roots of equation,Polynomials; Completing the Square; Discriminant; Algebraic manipulation; Polynomial Division,"The student frequently errs in setting up or solving equations based on word problems or in applying formulas (e.g., remainder theorem, discriminant).","The student is generally successful on easier and medium-difficulty problems, particularly those involving direct application of formulas. However, the student struggles with harder problems, especially those requiring more complex algebraic manipulation, conceptual understanding, or problem setup."
281600,70.0,0,Linear Equations; Ratio and Proportion,Algebraic manipulation; Roots of equation,"The student exhibits a pattern of calculation errors, especially in problems involving algebraic manipulation and polynomial roots, leading to incorrect answers even when the initial setup is correct.","The student generally performs well on questions involving equation setup and solving, but struggles with more complex algebraic manipulations and root-finding problems, often making calculation errors. The student correctly answers most easy and medium-difficulty questions, but struggles with hard-difficulty questions."
281800,23.33,0,Linear Equations; Ratio and Proportion,Roots of equation; Polynomials; Discriminant; Completing the Square; Systems of Linear Equations - Infinite Solutions,"The dominant error pattern involves miscalculations and sign errors in algebra and equation solving, particularly in harder problems.","The student demonstrates proficiency with easier linear equation problems. However, they struggle with harder polynomial and system of equations problems, making frequent errors in calculations and algebraic manipulations."
283800,63.33,0,Linear Equations; Ratio and Proportion; Polynomials; Quadratic Equations,Polynomial Remainder Theorem; Roots of equation; Work and Time; Algebraic manipulation; System of Equations; Discriminant,"Conceptual errors in applying theorems and algebraic manipulations are observed, particularly with polynomials and roots of equations.","The student generally performs well on linear equations and ratio/proportion problems, including those presented as word problems. However, the student struggles with more complex polynomial concepts such as the Remainder Theorem and completing the square."
286000,50.0,0,Linear Equations; Roots of equation; Ratio and Proportion; System of Equations; Polynomials; Quadratic Equations,Discriminant; Completing the Square; Work and Time; Algebraic manipulation; Polynomial Division; Roots of Polynomials,"The student exhibits a recurring pattern of calculation errors, especially when solving multi-step problems or systems of equations. There is also evidence of some conceptual errors in polynomials and quadratics.","The student generally performs well on problems involving linear equations, ratios, proportions, and basic quadratic concepts. However, the student struggles with more complex algebraic manipulations, polynomial division, and problems requiring a deeper understanding of root relationships.  Calculation errors appear to be a significant factor."
316057,13.33,0,System of Equations,Roots of equation; Quadratic Equations; Linear Equations; Polynomials; Factor Theorem and Polynomials; Discriminant; Completing the Square; Polynomial Remainder Theorem,"The student frequently makes calculation errors when solving equations, particularly when the problem involves multiple steps or the setup is complex. There is also a tendency to misinterpret the question or select an option before completing the entire solution.","The student demonstrates proficiency in systems of equations but struggles with questions related to roots of equations and factorization of polynomials. The most common error pattern is calculation mistakes, suggesting a need for more careful execution."
413401,43.33,0,Linear Equations; UNKNOWN,Roots of equation; Ratio and Proportion; Quadratic Equations; Factor Theorem and Polynomials,"There is a pattern of calculation errors while solving algebraic equations, especially with negative signs and fractions. This leads to incorrect final answers even when the correct concepts are applied initially.","The student demonstrates proficiency in basic algebra and pattern recognition. However, they exhibit difficulty in complex algebraic manipulations, particularly when it involves solving systems of equations, finding roots of polynomials, or applying the quadratic formula. A minor error in the intermediate steps tends to cascade into a wrong final answer."
900447,53.33,0,Roots of equation; Linear Equations,Quadratic Equations; Factor Theorem and Polynomials; Polynomial Remainder Theorem; Systems of Linear Equations - Infinite Solutions; Ratio and Proportion,Frequent calculation errors and some conceptual misunderstandings in setting up equations based on problem conditions.,"This student successfully solves easier problems and problems related to roots of equations, but makes frequent errors in harder problems. The student's primary issue is in correctly setting up and solving equations to represent word problems, often making computational errors in the process."
998586,33.33,0,Linear Equations,Roots of equation; Roots of Polynomials; Polynomials; Work and Time; Area of rectangle; Polynomial Division; Ratio and Proportion; Algebraic manipulation; System of Equations; Quadratic Equations,"Many questions were not attempted, suggesting a lack of exposure or familiarity with certain topics.  There are also instances of calculation errors and a misapplication of concepts.","The student demonstrates proficiency with basic equation-solving and number-based logic. Difficult concepts, such as polynomial roots and geometric problems, are frequently skipped or answered incorrectly."
